,regionName,regionLongName,regionIdLabel,LR,region,Lobe,cortex,regionID,Cortex_ID,x-cog,y-cog,z-cog,volmm,cortex_LR
0,V1_L,Primary_Visual_Cortex_L,1_L,L,V1,Occ,Primary_Visual,1,1,100.491589,41.138901000000004,71.63704,6717,Primary_Visual_L
1,MST_L,Medial_Superior_Temporal_Area_L,2_L,L,MST,Occ,MT+_Complex_and_Neighboring_Visual_Areas,2,5,132.416667,58.901786,82.059524,336,MT+_Complex_and_Neighboring_Visual_Areas_L
2,V6_L,Sixth_Visual_Area_L,3_L,L,V6,Occ,Dorsal_Stream_Visual,3,3,104.543112,44.481665,103.916749,1009,Dorsal_Stream_Visual_L
3,V2_L,Second_Visual_Area_L,4_L,L,V2,Occ,Early_Visual,4,2,102.23665600000001,44.064791,74.401125,6220,Early_Visual_L
4,V3_L,Third_Visual_Area_L,5_L,L,V3,Occ,Early_Visual,5,2,107.926111,40.632159,76.961153,4994,Early_Visual_L
5,V4_L,Fourth_Visual_Area_L,6_L,L,V4,Occ,Early_Visual,6,2,120.48162099999999,41.344328999999995,69.955702,3183,Early_Visual_L
6,V8_L,Eighth_Visual_Area_L,7_L,L,V8,Occ,Ventral_Stream_Visual,7,4,123.01319299999999,51.8927,56.759015000000005,1137,Ventral_Stream_Visual_L
7,4_L,Primary_Motor_Cortex_L,8_L,L,4,Fr,Somatosensory_and_Motor,8,6,119.33835900000001,105.48500200000001,126.65561000000001,6301,Somatosensory_and_Motor_L
8,3b_L,Primary_Sensory_Cortex_L,9_L,L,3b,Par,Somatosensory_and_Motor,9,6,129.664059,103.257279,123.68274699999999,2301,Somatosensory_and_Motor_L
9,FEF_L,Frontal_Eye_Fields_L,10_L,L,FEF,Fr,Premotor,10,8,132.579336,118.83763799999998,121.922509,813,Premotor_L
10,PEF_L,Premotor_Eye_Field_L,11_L,L,PEF,Fr,Premotor,11,8,136.772664,125.58298500000001,112.95676399999999,717,Premotor_L
11,55b_L,Area_55b_L,12_L,L,55b,Fr,Premotor,12,8,138.86575200000001,124.683174,122.399165,1676,Premotor_L
12,V3A_L,Area_V3A_L,13_L,L,V3A,Occ,Dorsal_Stream_Visual,13,3,104.52850500000001,33.597072,99.335131,1298,Dorsal_Stream_Visual_L
13,RSC_L,RetroSplenial_Complex_L,14_L,L,RSC,Par,Posterior_Cingulate,14,18,96.918149,86.60261,88.986951,843,Posterior_Cingulate_L
14,POS2_L,Parieto-Occipital_Sulcus_Area_2_L,15_L,L,POS2,Occ,Posterior_Cingulate,15,18,98.677433,53.233641000000006,109.39471499999999,2384,Posterior_Cingulate_L
15,V7_L,Seventh_Visual_Area_L,16_L,L,V7,Occ,Dorsal_Stream_Visual,16,3,114.85099299999999,39.443709000000005,100.271523,604,Dorsal_Stream_Visual_L
16,IPS1_L,IntraParietal_Sulcus_Area_1_L,17_L,L,IPS1,Par,Dorsal_Stream_Visual,17,3,114.19183999999998,51.537326,110.43055600000001,1152,Dorsal_Stream_Visual_L
17,FFC_L,Fusiform_Face_Complex_L,18_L,L,FFC,Temp,Ventral_Stream_Visual,18,4,133.94013600000002,69.78536,52.618797,3224,Ventral_Stream_Visual_L
18,V3B_L,Area_V3B_L,19_L,L,V3B,Occ,Dorsal_Stream_Visual,19,3,117.755656,42.828053999999995,88.434389,442,Dorsal_Stream_Visual_L
19,LO1_L,Area_Lateral_Occipital_1_L,20_L,L,LO1,Occ,MT+_Complex_and_Neighboring_Visual_Areas,20,5,132.59254099999998,39.361878000000004,78.374309,724,MT+_Complex_and_Neighboring_Visual_Areas_L
20,LO2_L,Area_Lateral_Occipital_2_L,21_L,L,LO2,Occ,MT+_Complex_and_Neighboring_Visual_Areas,21,5,137.691983,45.555907,68.91455699999999,948,MT+_Complex_and_Neighboring_Visual_Areas_L
21,PIT_L,Posterior_InferoTemporal_complex_L,22_L,L,PIT,Occ,Ventral_Stream_Visual,22,4,137.394161,48.92805,61.153285,959,Ventral_Stream_Visual_L
22,MT_L,Middle_Temporal_Area_L,23_L,L,MT,Occ,MT+_Complex_and_Neighboring_Visual_Areas,23,5,133.489855,55.521739000000004,82.907246,345,MT+_Complex_and_Neighboring_Visual_Areas_L
23,A1_L,Primary_Auditory_Cortex_L,24_L,L,A1,Temp,Early_Auditory,24,10,135.998896,101.99448100000001,82.398455,906,Early_Auditory_L
24,PSL_L,PeriSylvian_Language_Area_L,25_L,L,PSL,Par,Temporo-Parieto_Occipital_Junction,25,15,150.18311200000002,78.426117,97.249877,2037,Temporo-Parieto_Occipital_Junction_L
25,SFL_L,Superior_Frontal_Language_Area_L,26_L,L,SFL,Fr,Dorsolateral_Prefrontal,26,22,98.31097,142.730684,135.373291,3145,Dorsolateral_Prefrontal_L
26,PCV_L,PreCuneus_Visual_Area_L,27_L,L,PCV,Par,Posterior_Cingulate,27,18,96.358639,76.151178,120.194372,1528,Posterior_Cingulate_L
27,STV_L,Superior_Temporal_Visual_Area_L,28_L,L,STV,Par,Temporo-Parieto-Occipital_Junction,28,15,152.19843500000002,74.187814,89.932923,1789,Temporo-Parieto-Occipital_Junction_L
28,7Pm_L,Medial_Area_7P_L,29_L,L,7Pm,Par,Superior_Parietal,29,16,95.248227,58.274232,121.498818,846,Superior_Parietal_L
29,7m_L,Area_7m_L,30_L,L,7m,Par,Posterior_Cingulate,30,18,95.55255600000001,64.056289,105.57668000000001,1741,Posterior_Cingulate_L
30,POS1_L,Parieto-Occipital_Sulcus_Area_1_L,31_L,L,POS1,Par,Posterior_Cingulate,31,18,101.731298,67.45241700000001,84.880916,1965,Posterior_Cingulate_L
31,23d_L,Area_23d_L,32_L,L,23d,Par,Posterior_Cingulate,32,18,93.867052,106.36416200000001,109.955684,1038,Posterior_Cingulate_L
32,v23ab_L,Area_ventral_23_a+b_L,33_L,L,v23ab,Par,Posterior_Cingulate,33,18,94.704348,70.024638,91.217391,690,Posterior_Cingulate_L
33,d23ab_L,Area_dorsal_23_a+b_L,34_L,L,d23ab,Par,Posterior_Cingulate,34,18,93.76884799999999,84.20298299999999,102.52444100000001,1207,Posterior_Cingulate_L
34,31pv_L,Area_31p_ventral_L,35_L,L,31pv,Par,Posterior_Cingulate,35,18,100.042751,81.55204499999999,104.622677,538,Posterior_Cingulate_L
35,5m_L,Area_5m_L,36_L,L,5m,Par,Paracentral_Lobular_and_Mid_Cingulate,36,7,96.89400400000001,83.917559,134.82869399999998,934,Paracentral_Lobular_and_Mid_Cingulate_L
36,5mv_L,Area_5m_ventral_L,37_L,L,5mv,Par,Paracentral_Lobular_and_Mid_Cingulate,37,7,104.643979,88.13403100000001,121.95183200000001,955,Paracentral_Lobular_and_Mid_Cingulate_L
37,23c_L,Area_23c_L,38_L,L,23c,Par,Paracentral_Lobular_and_Mid_Cingulate,38,7,102.515493,96.142723,113.68826299999999,1065,Paracentral_Lobular_and_Mid_Cingulate_L
38,5L_L,Area_5L_L,39_L,L,5L,Par,Paracentral_Lobular_and_Mid_Cingulate,39,7,105.12109699999999,76.89641999999999,144.41888799999998,1313,Paracentral_Lobular_and_Mid_Cingulate_L
39,24dd_L,Dorsal_Area_24d_L,40_L,L,24dd,Fr,Paracentral_Lobular_and_Mid_Cingulate,40,7,96.658505,110.468299,121.55749899999999,2287,Paracentral_Lobular_and_Mid_Cingulate_L
40,24dv_L,Ventral_Area_24d_L,41_L,L,24dv,Fr,Paracentral_Lobular_and_Mid_Cingulate,41,7,100.068306,126.534153,115.30191299999998,732,Paracentral_Lobular_and_Mid_Cingulate_L
41,7AL_L,Lateral_Area_7A_L,42_L,L,7AL,Par,Superior_Parietal,42,16,112.23986699999999,73.178073,137.48903700000002,1505,Superior_Parietal_L
42,SCEF_L,Supplementary_and_Cingulate_Eye_Field_L,43_L,L,SCEF,Fr,Paracentral_Lobular_and_Mid_Cingulate,43,7,96.643496,131.532274,128.125124,3021,Paracentral_Lobular_and_Mid_Cingulate_L
43,6ma_L,Area_6m_anterior_L,44_L,L,6ma,Fr,Paracentral_Lobular_and_Mid_Cingulate,44,7,110.59262700000001,130.136617,139.421933,3228,Paracentral_Lobular_and_Mid_Cingulate_L
44,7Am_L,Medial_Area_7A_L,45_L,L,7Am,Par,Superior_Parietal,45,16,97.51730500000001,65.14628499999999,132.871251,2167,Superior_Parietal_L
45,7Pl_L,Lateral_Area_7P_L,46_L,L,7Pl,Par,Superior_Parietal,46,16,105.27811399999999,51.702539,127.938331,827,Superior_Parietal_L
46,7PC_L,Area_7PC_L,47_L,L,7PC,Par,Superior_Parietal,47,16,128.238394,78.29485600000001,131.844417,2391,Superior_Parietal_L
47,LIPv_L,Area_Lateral_IntraParietal_ventral_L,48_L,L,LIPv,Par,Superior_Parietal,48,16,121.655546,69.55635699999999,124.250676,1109,Superior_Parietal_L
48,VIP_L,Ventral_IntraParietal_Complex_L,49_L,L,VIP,Par,Superior_Parietal,49,16,114.787443,60.903859,134.815566,1529,Superior_Parietal_L
49,MIP_L,Medial_IntraParietal_Area_L,50_L,L,MIP,Par,Superior_Parietal,50,16,115.97064099999999,58.79359399999999,119.15213500000002,1124,Superior_Parietal_L
50,1_L,Area_1_L,51_L,L,1,Par,Somatosensory_and_Motor,51,6,138.150337,99.96215699999999,127.34085,3858,Somatosensory_and_Motor_L
51,2_L,Area_2_L,52_L,L,2,Par,Somatosensory_and_Motor,52,6,129.508165,92.68818,123.90007800000001,2572,Somatosensory_and_Motor_L
52,3a_L,Area_3a_L,53_L,L,3a,Fr,Somatosensory_and_Motor,53,6,125.37310900000001,105.0,114.73361299999999,1190,Somatosensory_and_Motor_L
53,6d_L,Dorsal_area_6_L,54_L,L,6d,Fr,Premotor,54,8,124.12820500000001,111.937022,138.11426,2223,Premotor_L
54,6mp_L,Area_6mp_L,55_L,L,6mp,Fr,Paracentral_Lobular_and_Mid_Cingulate,55,7,100.02641700000001,110.678674,141.063401,2082,Paracentral_Lobular_and_Mid_Cingulate_L
55,6v_L,Ventral_Area_6_L,56_L,L,6v,Fr,Premotor,56,8,149.799006,129.681108,103.925426,1408,Premotor_L
56,p24pr_L,Area_Posterior_24_prime_L,57_L,L,p24pr,Fr,Anterior_Cingulate_and_Medial_Prefrontal,57,19,94.447546,124.30895100000001,110.85948,1039,Anterior_Cingulate_and_Medial_Prefrontal_L
57,33pr_L,Area_33_prime_L,58_L,L,33pr,Fr,Anterior_Cingulate_and_Medial_Prefrontal,58,19,94.083624,134.92334499999998,100.006969,287,Anterior_Cingulate_and_Medial_Prefrontal_L
58,a24pr_L,Anterior_24_prime_L,59_L,L,a24pr,Fr,Anterior_Cingulate_and_Medial_Prefrontal,59,19,95.249415,144.10421499999998,101.33840699999999,854,Anterior_Cingulate_and_Medial_Prefrontal_L
59,p32pr_L,Area_p32_prime_L,60_L,L,p32pr,Fr,Anterior_Cingulate_and_Medial_Prefrontal,60,19,99.010823,140.83766200000002,110.227273,924,Anterior_Cingulate_and_Medial_Prefrontal_L
60,a24_L,Area_a24_L,61_L,L,a24,Fr,Anterior_Cingulate_and_Medial_Prefrontal,61,19,96.04643100000001,166.310464,66.976438,1443,Anterior_Cingulate_and_Medial_Prefrontal_L
61,d32_L,Area_dorsal_32_L,62_L,L,d32,Fr,Anterior_Cingulate_and_Medial_Prefrontal,62,19,98.638734,168.09931699999999,96.929236,1611,Anterior_Cingulate_and_Medial_Prefrontal_L
62,8BM_L,Area_8BM_L,63_L,L,8BM,Fr,Anterior_Cingulate_and_Medial_Prefrontal,63,19,95.909177,158.968616,116.162149,2103,Anterior_Cingulate_and_Medial_Prefrontal_L
63,p32_L,Area_p32_L,64_L,L,p32,Fr,Anterior_Cingulate_and_Medial_Prefrontal,64,19,101.628302,174.31886799999998,67.658491,530,Anterior_Cingulate_and_Medial_Prefrontal_L
64,10r_L,Area_10r_L,65_L,L,10r,Fr,Anterior_Cingulate_and_Medial_Prefrontal,65,19,96.816092,176.014368,59.294061,1044,Anterior_Cingulate_and_Medial_Prefrontal_L
65,47m_L,Area_47m_L,66_L,L,47m,Fr,Orbital_and_Polar_Frontal,66,20,127.422402,156.510121,55.184884999999994,741,Orbital_and_Polar_Frontal_L
66,8Av_L,Area_8Av_L,67_L,L,8Av,Fr,Dorsolateral_Prefrontal,67,22,128.190759,142.505809,124.802756,3701,Dorsolateral_Prefrontal_L
67,8Ad_L,Area_8Ad_L,68_L,L,8Ad,Fr,Dorsolateral_Prefrontal,68,22,113.687799,154.661483,115.80103700000001,2508,Dorsolateral_Prefrontal_L
68,9m_L,Area_9_Middle_L,69_L,L,9m,Fr,Anterior_Cingulate_and_Medial_Prefrontal,69,19,97.019809,180.108831,93.67494,4190,Anterior_Cingulate_and_Medial_Prefrontal_L
69,8BL_L,Area_8B_Lateral_L,70_L,L,8BL,Fr,Dorsolateral_Prefrontal,70,22,101.401615,163.951564,124.369828,1982,Dorsolateral_Prefrontal_L
70,9p_L,Area_9_Posterior_L,71_L,L,9p,Fr,Dorsolateral_Prefrontal,71,22,109.30773799999999,173.069108,109.713526,1693,Dorsolateral_Prefrontal_L
71,10d_L,Area_10d_L,72_L,L,10d,Fr,Orbital_and_Polar_Frontal,72,20,100.894288,191.56491100000002,78.3023,2696,Orbital_and_Polar_Frontal_L
72,8C_L,Area_8C_L,73_L,L,8C,Fr,Dorsolateral_Prefrontal,73,22,134.157612,139.145205,109.267606,2982,Dorsolateral_Prefrontal_L
73,44_L,Area_44_L,74_L,L,44,Fr,Inferior_Frontal,74,21,144.51001499999998,141.238315,88.00102700000001,1947,Inferior_Frontal_L
74,45_L,Area_45_L,75_L,L,45,Fr,Inferior_Frontal,75,21,141.73524,152.514118,73.734873,2727,Inferior_Frontal_L
75,47l_L,Area_47l_(47_lateral)_L,76_L,L,47l,Fr,Inferior_Frontal,76,21,136.797521,154.852273,60.413740000000004,1936,Inferior_Frontal_L
76,a47r_L,Area_anterior_47r_L,77_L,L,a47r,Fr,Inferior_Frontal,77,21,131.095281,174.396953,59.360514,3348,Inferior_Frontal_L
77,6r_L,Rostral_Area_6_L,78_L,L,6r,Fr,Premotor,78,8,143.753559,132.15836299999998,88.451957,2248,Premotor_L
78,IFJa_L,Area_IFJa_L,79_L,L,IFJa,Fr,Inferior_Frontal,79,21,131.411067,137.512846,97.774704,1012,Inferior_Frontal_L
79,IFJp_L,Area_IFJp_L,80_L,L,IFJp,Fr,Inferior_Frontal,80,21,131.397321,127.672619,101.36756,672,Inferior_Frontal_L
80,IFSp_L,Area_IFSp_L,81_L,L,IFSp,Fr,Inferior_Frontal,81,21,137.874185,149.780056,91.685927,1073,Inferior_Frontal_L
81,IFSa_L,Area_IFSa_L,82_L,L,IFSa,Fr,Inferior_Frontal,82,21,137.383825,159.17971799999998,80.8819,1558,Inferior_Frontal_L
82,p9-46v_L,Area_posterior_9-46v_L,83_L,L,p9-46v,Fr,Dorsolateral_Prefrontal,83,22,138.14500900000002,155.665913,98.46629,2655,Dorsolateral_Prefrontal_L
83,46_L,Area_46_L,84_L,L,46,Fr,Dorsolateral_Prefrontal,84,22,127.033498,164.49868899999998,105.07457,3433,Dorsolateral_Prefrontal_L
84,a9-46v_L,Area_anterior_9-46v_L,85_L,L,a9-46v,Fr,Dorsolateral_Prefrontal,85,22,131.147188,176.872535,80.33381999999999,2738,Dorsolateral_Prefrontal_L
85,9-46d_L,Area_9-46d_L,86_L,L,9-46d,Fr,Dorsolateral_Prefrontal,86,22,120.19158300000001,172.262563,93.433103,3184,Dorsolateral_Prefrontal_L
86,9a_L,Area_9_anterior_L,87_L,L,9a,Fr,Dorsolateral_Prefrontal,87,22,112.60695,183.845628,95.711763,3511,Dorsolateral_Prefrontal_L
87,10v_L,Area_10v_L,88_L,L,10v,Fr,Anterior_Cingulate_and_Medial_Prefrontal,88,19,95.085146,179.625174,52.61453,2161,Anterior_Cingulate_and_Medial_Prefrontal_L
88,a10p_L,Area_anterior_10p_L,89_L,L,a10p,Fr,Orbital_and_Polar_Frontal,89,20,116.405009,185.963731,63.137306,1158,Orbital_and_Polar_Frontal_L
89,10pp_L,Polar_10p_L,90_L,L,10pp,Fr,Orbital_and_Polar_Frontal,90,20,103.361926,187.35214399999998,54.227239000000004,1329,Orbital_and_Polar_Frontal_L
90,11l_L,Area_11l_L,91_L,L,11l,Fr,Orbital_and_Polar_Frontal,91,20,115.577956,172.90541100000002,55.238477,2495,Orbital_and_Polar_Frontal_L
91,13l_L,Area_13l_L,92_L,L,13l,Fr,Orbital_and_Polar_Frontal,92,20,113.10523400000001,153.630846,50.639198,1796,Orbital_and_Polar_Frontal_L
92,OFC_L,Orbital_Frontal_Complex_L,93_L,L,OFC,Fr,Orbital_and_Polar_Frontal,93,20,101.248092,155.905125,46.772628000000005,1834,Orbital_and_Polar_Frontal_L
93,47s_L,Area_47s_L,94_L,L,47s,Fr,Orbital_and_Polar_Frontal,94,20,123.28545700000001,146.21514399999998,51.115986,1664,Orbital_and_Polar_Frontal_L
94,LIPd_L,Area_Lateral_IntraParietal_dorsal_L,95_L,L,LIPd,Par,Superior_Parietal,95,16,120.72028,70.784965,112.674825,572,Superior_Parietal_L
95,6a_L,Area_6_anterior_L,96_L,L,6a,Fr,Premotor,96,8,115.42195500000001,121.769876,126.648432,2742,Premotor_L
96,i6-8_L,Inferior_6-8_Transitional_Area_L,97_L,L,i6-8,Fr,Dorsolateral_Prefrontal,97,22,119.66028,129.204864,127.28371399999999,1357,Dorsolateral_Prefrontal_L
97,s6-8_L,Superior_6-8_Transitional_Area_L,98_L,L,s6-8,Fr,Dorsolateral_Prefrontal,98,22,112.44891399999999,151.434433,128.003218,1243,Dorsolateral_Prefrontal_L
98,43_L,Area_43_L,99_L,L,43,Fr,Posterior_Opercular,99,9,147.447146,125.59830900000001,80.80866800000001,946,Posterior_Opercular_L
99,OP4_L,Area_OP4-PV_L,100_L,L,OP4,Par,Posterior_Opercular,100,9,151.038095,113.65833300000001,86.099405,1680,Posterior_Opercular_L
100,OP1_L,Area_OP1-SII_L,101_L,L,OP1,Par,Posterior_Opercular,101,9,138.126662,103.98390500000001,90.31140699999999,1429,Posterior_Opercular_L
101,OP2-3_L,Area_OP2-3-VS_L,102_L,L,OP2-3,Par,Posterior_Opercular,102,9,131.5,109.65826299999999,89.165266,714,Posterior_Opercular_L
102,52_L,Area_52_L,103_L,L,52,Temp,Early_Auditory,103,10,130.277162,105.017738,70.64523299999999,451,Early_Auditory_L
103,RI_L,RetroInsular_Cortex_L,104_L,L,RI,Par,Early_Auditory,104,10,130.666225,90.109934,91.313907,755,Early_Auditory_L
104,PFcm_L,Area_PFcm_L,105_L,L,PFcm,Par,Early_Auditory,105,10,141.793228,93.845101,92.239193,1388,Early_Auditory_L
105,PoI2_L,Posterior_Insular_Area_2_L,106_L,L,PoI2,Ins,Insular_and_Frontal_Opercular,106,12,131.14074399999998,121.38215600000001,71.041031,2096,Insular_and_Frontal_Opercular_L
106,TA2_L,Area_TA2_L,107_L,L,TA2,Temp,Auditory_Association,107,11,141.08604,129.967515,63.526778,1139,Auditory_Association_L
107,FOP4_L,Frontal_Opercular_Area_4_L,108_L,L,FOP4,Fr,Insular_and_Frontal_Opercular,108,12,133.429119,138.89217299999999,76.685824,1827,Insular_and_Frontal_Opercular_L
108,MI_L,Middle_Insular_Area_L,109_L,L,MI,Ins,Insular_and_Frontal_Opercular,109,12,127.923709,136.443075,73.14377900000001,1704,Insular_and_Frontal_Opercular_L
109,Pir_L,Pirform_Cortex_L,110_L,L,Pir,Temp,Insular_and_Frontal_Opercular,110,12,122.93870600000001,130.870602,53.682179000000005,881,Insular_and_Frontal_Opercular_L
110,AVI_L,Anterior_Ventral_Insular_Area_L,111_L,L,AVI,Fr,Insular_and_Frontal_Opercular,111,12,121.11348500000001,150.508678,67.82376500000001,749,Insular_and_Frontal_Opercular_L
111,AAIC_L,Anterior_Agranular_Insula_Complex_L,112_L,L,AAIC,Ins,Insular_and_Frontal_Opercular,112,12,126.225504,139.71902,60.595101,1388,Insular_and_Frontal_Opercular_L
112,FOP1_L,Frontal_Opercular_Area_1_L,113_L,L,FOP1,Fr,Posterior_Opercular,113,9,140.305709,128.198895,75.653775,543,Posterior_Opercular_L
113,FOP3_L,Frontal_Opercular_Area_3_L,114_L,L,FOP3,Ins,Insular_and_Frontal_Opercular,114,12,126.0,128.96978000000001,84.425824,364,Insular_and_Frontal_Opercular_L
114,FOP2_L,Frontal_Opercular_Area_2_L,115_L,L,FOP2,Fr,Insular_and_Frontal_Opercular,115,12,133.704403,121.251572,85.75262099999999,477,Insular_and_Frontal_Opercular_L
115,PFt_L,Area_PFt_L,116_L,L,PFt,Par,Inferior_Parietal,116,17,146.27766200000002,100.80793299999999,106.92693100000001,958,Inferior_Parietal_L
116,AIP_L,Anterior_IntraParietal_Area_L,117_L,L,AIP,Par,Superior_Parietal,117,16,130.372549,87.01364000000001,112.687127,1173,Superior_Parietal_L
117,EC_L,Entorhinal_Cortex_L,118_L,L,EC,Temp,Medial_Temporal,118,13,111.463631,115.664695,42.698403000000006,1691,Medial_Temporal_L
118,PreS_L,PreSubiculum_L,119_L,L,PreS,Temp,Medial_Temporal,119,13,109.856877,94.63475799999999,60.597584,1076,Medial_Temporal_L
119,H_L,Hippocampus_L,120_L,L,H,Temp,Medial_Temporal,120,13,120.20343799999999,102.58954200000001,54.63466999999999,1396,Medial_Temporal_L
120,ProS_L,ProStriate_Area_L,121_L,L,ProS,Par,Posterior_Cingulate,121,18,112.538922,71.057884,75.09181600000001,501,Posterior_Cingulate_L
121,PeEc_L,Perirhinal_Ectorhinal_Cortex_L,122_L,L,PeEc,Temp,Medial_Temporal,122,13,120.292051,116.757071,38.222388,3359,Medial_Temporal_L
122,STGa_L,Area_STGa_L,123_L,L,STGa,Temp,Auditory_Association,123,11,139.957301,140.97996799999999,50.18292,1897,Auditory_Association_L
123,PBelt_L,ParaBelt_Complex_L,124_L,L,PBelt,Temp,Early_Auditory,124,10,144.62098,100.147014,79.898162,1306,Early_Auditory_L
124,A5_L,Auditory_5_Complex_L,125_L,L,A5,Temp,Auditory_Association,125,11,152.259123,112.858549,68.432144,2439,Auditory_Association_L
125,PHA1_L,ParaHippocampal_Area_1_L,126_L,L,PHA1,Temp,Medial_Temporal,126,13,111.70583300000001,90.678333,55.309167,1200,Medial_Temporal_L
126,PHA3_L,ParaHippocampal_Area_3_L,127_L,L,PHA3,Temp,Medial_Temporal,127,13,124.47906200000001,90.84087099999999,51.123953,1194,Medial_Temporal_L
127,STSda_L,Area_STSd_anterior_L,128_L,L,STSda,Temp,Auditory_Association,128,11,143.83146100000002,123.554073,57.391854,1424,Auditory_Association_L
128,STSdp_L,Area_STSd_posterior_L,129_L,L,STSdp,Temp,Auditory_Association,129,11,143.06283200000001,94.156637,72.083186,1130,Auditory_Association_L
129,STSvp_L,Area_STSv_posterior_L,130_L,L,STSvp,Temp,Auditory_Association,130,11,146.913625,91.08515799999999,67.189173,1644,Auditory_Association_L
130,TGd_L,Area_TG_dorsal_L,131_L,L,TGd,Temp,Lateral_Temporal,131,14,127.26011000000001,137.751977,35.261303999999996,6701,Lateral_Temporal_L
131,TE1a_L,Area_TE1_anterior_L,132_L,L,TE1a,Temp,Lateral_Temporal,132,14,150.202228,122.362624,47.172277,4040,Lateral_Temporal_L
132,TE1p_L,Area_TE1_posterior_L,133_L,L,TE1p,Temp,Lateral_Temporal,133,14,152.940325,78.805713,61.515946,5111,Lateral_Temporal_L
133,TE2a_L,Area_TE2_anterior_L,134_L,L,TE2a,Temp,Lateral_Temporal,134,14,148.079856,104.370685,42.029109000000005,3882,Lateral_Temporal_L
134,TF_L,Area_TF_L,135_L,L,TF,Temp,Medial_Temporal,135,13,132.406298,105.14208899999998,41.219662,2604,Medial_Temporal_L
135,TE2p_L,Area_TE2_posterior_L,136_L,L,TE2p,Temp,Lateral_Temporal,136,14,142.182155,83.665679,49.921881,2701,Lateral_Temporal_L
136,PHT_L,Area_PHT_L,137_L,L,PHT,Temp,Lateral_Temporal,137,14,150.083714,66.18079499999999,74.12733,2843,Lateral_Temporal_L
137,PH_L,Area_PH_L,138_L,L,PH,Temp,MT+_Complex_and_Neighboring_Visual_Areas,138,5,139.578644,61.953920999999994,65.579087,2257,MT+_Complex_and_Neighboring_Visual_Areas_L
138,TPOJ1_L,Area_TemporoParietoOccipital_Junction_1_L,139_L,L,TPOJ1,Temp,Temporo-Parieto-Occipital_Junction,139,15,144.16796000000002,79.66901899999999,81.137615,1417,Temporo-Parieto-Occipital_Junction_L
139,TPOJ2_L,Area_TemporoParietoOccipital_Junction_2_L,140_L,L,TPOJ2,Par,Temporo-Parieto-Occipital_Junction,140,15,143.28,62.095686,87.29960799999999,1275,Temporo-Parieto-Occipital_Junction_L
140,TPOJ3_L,Area_TemporoParietoOccipital_Junction_3_L,141_L,L,TPOJ3,Occ,Temporo-Parieto-Occipital_Junction,141,15,133.675835,54.257367,91.510806,509,Temporo-Parieto-Occipital_Junction_L
141,DVT_L,Dorsal_Transitional_Visual_Area_L,142_L,L,DVT,Occ,Posterior_Cingulate,142,18,108.042324,53.086307,103.566805,1205,Posterior_Cingulate_L
142,PGp_L,Area_PGp_L,143_L,L,PGp,Occ,Inferior_Parietal,143,17,129.425332,40.278760999999996,94.142146,1808,Inferior_Parietal_L
143,IP2_L,Area_IntraParietal_2_L,144_L,L,IP2,Par,Inferior_Parietal,144,17,131.750374,77.285501,114.758595,1338,Inferior_Parietal_L
144,IP1_L,Area_IntraParietal_1_L,145_L,L,IP1,Par,Inferior_Parietal,145,17,121.635182,55.48006899999999,111.34921999999999,1154,Inferior_Parietal_L
145,IP0_L,Area_IntraParietal_0_L,146_L,L,IP0,Occ,Inferior_Parietal,146,17,122.033257,45.806193,97.03325699999999,872,Inferior_Parietal_L
146,PFop_L,Area_PF_Opercular_L,147_L,L,PFop,Par,Inferior_Parietal,147,17,154.842679,102.913551,96.221963,1284,Inferior_Parietal_L
147,PF_L,Area_PF_Complex_L,148_L,L,PF,Par,Inferior_Parietal,148,17,151.894297,89.867502,108.288348,4068,Inferior_Parietal_L
148,PFm_L,Area_PFm_Complex_L,149_L,L,PFm,Par,Inferior_Parietal,149,17,140.702334,70.065862,118.414359,5056,Inferior_Parietal_L
149,PGi_L,Area_PGi_L,150_L,L,PGi,Par,Inferior_Parietal,150,17,138.62726999999998,61.299797999999996,99.072355,3469,Inferior_Parietal_L
150,PGs_L,Area_PGs_L,151_L,L,PGs,Par,Inferior_Parietal,151,17,131.808463,48.857461,110.436526,3143,Inferior_Parietal_L
151,V6A_L,Area_V6A_L,152_L,L,V6A,Occ,Dorsal_Stream_Visual,152,3,112.53448300000001,39.660920000000004,114.18821799999999,696,Dorsal_Stream_Visual_L
152,VMV1_L,VentroMedial_Visual_Area_1_L,153_L,L,VMV1,Occ,Ventral_Stream_Visual,153,4,110.244105,74.319001,64.307906,721,Ventral_Stream_Visual_L
153,VMV3_L,VentroMedial_Visual_Area_3_L,154_L,L,VMV3,Occ,Ventral_Stream_Visual,154,4,119.61876200000002,64.50898199999999,61.017964,501,Ventral_Stream_Visual_L
154,PHA2_L,ParaHippocampal_Area_2_L,155_L,L,PHA2,Temp,Medial_Temporal,155,13,121.389831,90.169492,58.12288100000001,236,Medial_Temporal_L
155,V4t_L,Area_V4t_L,156_L,L,V4t,Occ,MT+_Complex_and_Neighboring_Visual_Areas,156,5,138.69581100000002,48.185792,74.724954,549,MT+_Complex_and_Neighboring_Visual_Areas_L
156,FST_L,Area_FST_L,157_L,L,FST,Occ,MT+_Complex_and_Neighboring_Visual_Areas,157,5,137.648765,57.787325,76.535983,931,MT+_Complex_and_Neighboring_Visual_Areas_L
157,V3CD_L,Area_V3CD_L,158_L,L,V3CD,Occ,MT+_Complex_and_Neighboring_Visual_Areas,158,5,125.152542,36.195686,81.42989200000001,649,MT+_Complex_and_Neighboring_Visual_Areas_L
158,LO3_L,Area_Lateral_Occipital_3_L,159_L,L,LO3,Occ,MT+_Complex_and_Neighboring_Visual_Areas,159,5,136.842415,48.964653999999996,85.86450699999999,679,MT+_Complex_and_Neighboring_Visual_Areas_L
159,VMV2_L,VentroMedial_Visual_Area_2_L,160_L,L,VMV2,Occ,Ventral_Stream_Visual,160,4,119.360502,74.39185,66.366771,319,Ventral_Stream_Visual_L
160,31pd_L,Area_31pd_L,161_L,L,31pd,Par,Posterior_Cingulate,161,18,102.13651899999999,73.851536,106.767918,586,Posterior_Cingulate_L
161,31a_L,Area_31a_L,162_L,L,31a,Par,Posterior_Cingulate,162,18,95.98438900000001,88.707989,115.96051399999999,1089,Posterior_Cingulate_L
162,VVC_L,Ventral_Visual_Complex_L,163_L,L,VVC,Temp,Ventral_Stream_Visual,163,4,121.913003,74.920407,53.816752,2161,Ventral_Stream_Visual_L
163,25_L,Area_25_L,164_L,L,25,Fr,Anterior_Cingulate_and_Medial_Prefrontal,164,19,95.291898,147.049945,57.497225,901,Anterior_Cingulate_and_Medial_Prefrontal_L
164,s32_L,Area_s32_L,165_L,L,s32,Fr,Anterior_Cingulate_and_Medial_Prefrontal,165,19,97.36451600000001,159.174194,54.480644999999996,310,Anterior_Cingulate_and_Medial_Prefrontal_L
165,pOFC_L,Posterior_OFC_Complex_L,166_L,L,pOFC,Fr,Anterior_Cingulate_and_Medial_Prefrontal,166,19,104.45574599999999,137.165786,52.015852,1514,Anterior_Cingulate_and_Medial_Prefrontal_L
166,PoI1_L,Area_Posterior_Insular_1_L,167_L,L,PoI1,Ins,Insular_and_Frontal_Opercular,167,12,129.839378,113.68566499999999,68.664076,1158,Insular_and_Frontal_Opercular_L
167,Ig_L,Insular_Granular_Complex_L,168_L,L,Ig,Ins,Insular_and_Frontal_Opercular,168,12,126.25974,110.064935,86.44642900000001,616,Insular_and_Frontal_Opercular_L
168,FOP5_L,Area_Frontal_Opercular_5_L,169_L,L,FOP5,Fr,Insular_and_Frontal_Opercular,169,12,125.928129,152.826518,75.615861,807,Insular_and_Frontal_Opercular_L
169,p10p_L,Area_posterior_10p_L,170_L,L,p10p,Fr,Orbital_and_Polar_Frontal,170,20,114.061006,189.546541,72.976101,1590,Orbital_and_Polar_Frontal_L
170,p47r_L,Area_posterior_47r_L,171_L,L,p47r,Fr,Inferior_Frontal,171,21,134.951128,169.179699,72.101504,1330,Inferior_Frontal_L
171,TGv_L,Area_TG_Ventral_L,172_L,L,TGv,Temp,Lateral_Temporal,172,14,127.497751,123.92293899999999,25.901949,3335,Lateral_Temporal_L
172,MBelt_L,Medial_Belt_Complex_L,173_L,L,MBelt,Temp,Early_Auditory,173,10,136.939267,110.75706799999999,73.95602099999999,955,Early_Auditory_L
173,LBelt_L,Lateral_Belt_Complex_L,174_L,L,LBelt,Temp,Early_Auditory,174,10,136.829565,99.368696,79.617391,575,Early_Auditory_L
174,A4_L,Auditory_4_Complex_L,175_L,L,A4,Temp,Auditory_Association,175,11,155.165477,104.29221899999999,78.188243,2943,Auditory_Association_L
175,STSva_L,Area_STSv_anterior_L,176_L,L,STSva,Temp,Auditory_Association,176,11,142.689243,118.13446200000001,52.832668999999996,1004,Auditory_Association_L
176,TE1m_L,Area_TE1_Middle_L,177_L,L,TE1m,Temp,Lateral_Temporal,177,14,155.554922,101.395287,54.901178,2631,Lateral_Temporal_L
177,PI_L,Para-Insular_Area_L,178_L,L,PI,Temp,Insular_and_Frontal_Opercular,178,12,134.650549,124.293407,56.102198,910,Insular_and_Frontal_Opercular_L
178,a32pr_L,Area_anterior_32_prime_L,179_L,L,a32pr,Fr,Anterior_Cingulate_and_Medial_Prefrontal,179,19,97.782313,155.883735,101.53927,1617,Anterior_Cingulate_and_Medial_Prefrontal_L
179,p24_L,Area_posterior_24_L,180_L,L,p24,Fr,Anterior_Cingulate_and_Medial_Prefrontal,180,19,95.442887,162.52627900000002,84.888577,1427,Anterior_Cingulate_and_Medial_Prefrontal_L
180,V1_R,Primary_Visual_Cortex_R,201_R,R,V1,Occ,Primary_Visual,201,1,78.060375,44.539286,74.333474,7089,Primary_Visual_R
181,MST_R,Medial_Superior_Temporal_Area_R,202_R,R,MST,Occ,MT+_Complex_and_Neighboring_Visual_Areas,202,5,43.620295,63.751227,78.01309300000001,611,MT+_Complex_and_Neighboring_Visual_Areas_R
182,V6_R,Sixth_Visual_Area_R,203_R,R,V6,Occ,Dorsal_Stream_Visual,203,3,72.22686800000001,49.256228,102.929715,1124,Dorsal_Stream_Visual_R
183,V2_R,Second_Visual_Area_R,204_R,R,V2,Occ,Early_Visual,204,2,77.026083,47.558042,76.305265,6211,Early_Visual_R
184,V3_R,Third_Visual_Area_R,205_R,R,V3,Occ,Early_Visual,205,2,71.976821,41.580308,78.859282,4875,Early_Visual_R
185,V4_R,Fourth_Visual_Area_R,206_R,R,V4,Occ,Early_Visual,206,2,57.656017000000006,41.782393,71.00319499999999,2817,Early_Visual_R
186,V8_R,Eighth_Visual_Area_R,207_R,R,V8,Occ,Ventral_Stream_Visual,207,4,60.698264,51.949265999999994,59.301736,749,Ventral_Stream_Visual_R
187,4_R,Primary_Motor_Cortex_R,208_R,R,4,Fr,Somatosensory_and_Motor,208,6,60.980681000000004,108.738321,126.822972,5694,Somatosensory_and_Motor_R
188,3b_R,Primary_Sensory_Cortex_R,209_R,R,3b,Fr,Somatosensory_and_Motor,209,6,52.032115000000005,105.85918999999998,122.88438700000002,2024,Somatosensory_and_Motor_R
189,FEF_R,Frontal_Eye_Fields_R,210_R,R,FEF,Fr,Premotor,210,8,46.370874,123.15728200000001,123.20194199999999,1030,Premotor_R
190,PEF_R,Premotor_Eye_Field_R,211_R,R,PEF,Fr,Premotor,211,8,45.069136,127.783951,109.748148,810,Premotor_R
191,55b_R,Area_55b_R,212_R,R,55b,Fr,Premotor,212,8,41.454390000000004,127.93861899999999,119.89599299999999,1173,Premotor_R
192,V3A_R,Area_V3A_R,213_R,R,V3A,Occ,Dorsal_Stream_Visual,213,3,75.553398,36.584466,102.458252,1545,Dorsal_Stream_Visual_R
193,RSC_R,RetroSplenial_Complex_R,214_R,R,RSC,Par,Posterior_Cingulate,214,18,84.934198,92.434662,93.496756,1079,Posterior_Cingulate_R
194,POS2_R,Parieto-Occipital_Sulcus_Area_2_R,215_R,R,POS2,Par,Posterior_Cingulate,215,18,80.662438,56.100589,108.736747,2207,Posterior_Cingulate_R
195,V7_R,Seventh_Visual_Area_R,216_R,R,V7,Occ,Dorsal_Stream_Visual,216,3,62.285714,42.400534,103.668892,749,Dorsal_Stream_Visual_R
196,IPS1_R,IntraParietal_Sulcus_Area_1_R,217_R,R,IPS1,Par,Dorsal_Stream_Visual,217,3,64.710065,55.195753,111.06648200000001,1083,Dorsal_Stream_Visual_R
197,FFC_R,Fusiform_Face_Complex_R,218_R,R,FFC,Temp,Ventral_Stream_Visual,218,4,49.72947,75.126159,51.324834,3020,Ventral_Stream_Visual_R
198,V3B_R,Area_V3B_R,219_R,R,V3B,Occ,Dorsal_Stream_Visual,219,3,60.919385999999996,48.422265,91.56238,521,Dorsal_Stream_Visual_R
199,LO1_R,Area_Lateral_Occipital_1_R,220_R,R,LO1,Occ,MT+_Complex_and_Neighboring_Visual_Areas,220,5,47.281977000000005,45.175872,76.95930200000001,688,MT+_Complex_and_Neighboring_Visual_Areas_R
200,LO2_R,Area_Lateral_Occipital_2_R,221_R,R,LO2,Occ,MT+_Complex_and_Neighboring_Visual_Areas,221,5,44.07,44.375,67.91833299999999,600,MT+_Complex_and_Neighboring_Visual_Areas_R
201,PIT_R,Posterior_InferoTemporal_complex_R,222_R,R,PIT,Occ,Ventral_Stream_Visual,222,4,44.641614000000004,49.954905,58.057753000000005,1264,Ventral_Stream_Visual_R
202,MT_R,Middle_Temporal_Area_R,223_R,R,MT,Occ,MT+_Complex_and_Neighboring_Visual_Areas,223,5,38.58547,57.830484,80.888889,702,MT+_Complex_and_Neighboring_Visual_Areas_R
203,A1_R,Primary_Auditory_Cortex_R,224_R,R,A1,Temp,Early_Auditory,224,10,46.328478999999994,105.45469299999999,81.89482199999999,618,Early_Auditory_R
204,PSL_R,PeriSylvian_Language_Area_R,225_R,R,PSL,Par,Temporo-Parieto-Occipital_Junction,225,15,25.980366,89.316377,98.788934,2241,Temporo-Parieto-Occipital_Junction_R
205,SFL_R,Superior_Frontal_Language_Area_R,226_R,R,SFL,Fr,Dorsolateral_Prefrontal,226,22,82.702811,141.914659,137.409639,1992,Dorsolateral_Prefrontal_R
206,PCV_R,PreCuneus_Visual_Area_R,227_R,R,PCV,Par,Posterior_Cingulate,227,18,84.876497,74.045369,121.95841200000001,1587,Posterior_Cingulate_R
207,STV_R,Superior_Temporal_Visual_Area_R,228_R,R,STV,Par,Temporo-Parieto-Occipital_Junction,228,15,30.525123999999998,81.598012,91.518498,1811,Temporo-Parieto-Occipital_Junction_R
208,7Pm_R,Medial_Area_7P_R,229_R,R,7Pm,Par,Superior_Parietal,229,16,84.893683,59.192604,121.912173,649,Superior_Parietal_R
209,7m_R,Area_7m_R,230_R,R,7m,Par,Posterior_Cingulate,230,18,85.454762,66.283333,105.271429,1260,Posterior_Cingulate_R
210,POS1_R,Parieto-Occipital_Sulcus_Area_1_R,231_R,R,POS1,Par,Posterior_Cingulate,231,18,79.376277,69.248778,87.420702,2251,Posterior_Cingulate_R
211,23d_R,Area_23d_R,232_R,R,23d,Par,Posterior_Cingulate,232,18,86.894973,103.73159799999999,111.12746899999999,1114,Posterior_Cingulate_R
212,v23ab_R,Area_ventral_23_a+b_R,233_R,R,v23ab,Par,Posterior_Cingulate,233,18,86.05698000000001,74.52136800000001,90.964387,702,Posterior_Cingulate_R
213,d23ab_R,Area_dorsal_23_a+b_R,234_R,R,d23ab,Par,Posterior_Cingulate,234,18,86.84742,84.848518,104.53787,911,Posterior_Cingulate_R
214,31pv_R,Area_31p_ventral_R,235_R,R,31pv,Par,Posterior_Cingulate,235,18,80.754159,82.767098,105.438078,541,Posterior_Cingulate_R
215,5m_R,Area_5m_R,236_R,R,5m,Par,Paracentral_Lobular_and_Mid_Cingulate,236,7,85.168053,86.77371,136.587354,1202,Paracentral_Lobular_and_Mid_Cingulate_R
216,5mv_R,Area_5m_ventral_R,237_R,R,5mv,Par,Paracentral_Lobular_and_Mid_Cingulate,237,7,79.398401,84.221852,127.565623,1501,Paracentral_Lobular_and_Mid_Cingulate_R
217,23c_R,Area_23c_R,238_R,R,23c,Par,Paracentral_Lobular_and_Mid_Cingulate,238,7,80.814159,89.430678,115.231268,1695,Paracentral_Lobular_and_Mid_Cingulate_R
218,5L_R,Area_5L_R,239_R,R,5L,Par,Paracentral_Lobular_and_Mid_Cingulate,239,7,77.196914,77.524614,145.837619,1361,Paracentral_Lobular_and_Mid_Cingulate_R
219,24dd_R,Dorsal_Area_24d_R,240_R,R,24dd,Fr,Paracentral_Lobular_and_Mid_Cingulate,240,7,84.408074,109.82229,124.363317,2279,Paracentral_Lobular_and_Mid_Cingulate_R
220,24dv_R,Ventral_Area_24d_R,241_R,R,24dv,Fr,Paracentral_Lobular_and_Mid_Cingulate,241,7,82.24171899999999,124.339302,118.569382,1117,Paracentral_Lobular_and_Mid_Cingulate_R
221,7AL_R,Lateral_Area_7A_R,242_R,R,7AL,Par,Superior_Parietal,242,16,66.808871,72.715323,139.629032,1240,Superior_Parietal_R
222,SCEF_R,Supplementary_and_Cingulate_Eye_Field_R,243_R,R,SCEF,Fr,Paracentral_Lobular_and_Mid_Cingulate,243,7,84.455241,131.183536,131.04363500000002,2223,Paracentral_Lobular_and_Mid_Cingulate_R
223,6ma_R,Area_6m_anterior_R,244_R,R,6ma,Fr,Paracentral_Lobular_and_Mid_Cingulate,244,7,69.698918,131.674072,137.728442,3421,Paracentral_Lobular_and_Mid_Cingulate_R
224,7Am_R,Medial_Area_7A_R,245_R,R,7Am,Par,Superior_Parietal,245,16,81.616644,64.449523,132.899045,1466,Superior_Parietal_R
225,7Pl_R,Lateral_Area_7P_R,246_R,R,7Pl,Par,Superior_Parietal,246,16,78.082592,52.547649,129.927573,787,Superior_Parietal_R
226,7PC_R,Area_7PC_R,247_R,R,7PC,Par,Superior_Parietal,247,16,54.305040000000005,78.639699,133.54244,2262,Superior_Parietal_R
227,LIPv_R,Area_Lateral_IntraParietal_ventral_R,248_R,R,LIPv,Par,Superior_Parietal,248,16,62.004614000000004,69.61707,125.258362,867,Superior_Parietal_R
228,VIP_R,Ventral_IntraParietal_Complex_R,249_R,R,VIP,Par,Superior_Parietal,249,16,68.916533,63.23114,135.88924599999999,623,Superior_Parietal_R
229,MIP_R,Medial_IntraParietal_Area_R,250_R,R,MIP,Par,Superior_Parietal,250,16,63.26723199999999,58.202259999999995,123.98644099999999,1770,Superior_Parietal_R
230,1_R,Area_1_R,251_R,R,1,Par,Somatosensory_and_Motor,251,6,41.860496000000005,104.311709,125.76898700000001,3792,Somatosensory_and_Motor_R
231,2_R,Area_2_R,252_R,R,2,Par,Somatosensory_and_Motor,252,6,52.428189,95.303667,122.502292,2618,Somatosensory_and_Motor_R
232,3a_R,Area_3a_R,253_R,R,3a,Fr,Somatosensory_and_Motor,253,6,58.537415,105.60884399999999,118.40816299999999,1176,Somatosensory_and_Motor_R
233,6d_R,Dorsal_area_6_R,254_R,R,6d,Fr,Premotor,254,8,53.27913,114.122216,136.10668,1931,Premotor_R
234,6mp_R,Area_6mp_R,255_R,R,6mp,Fr,Paracentral_Lobular_and_Mid_Cingulate,255,7,75.52311800000001,112.953763,140.165054,1860,Paracentral_Lobular_and_Mid_Cingulate_R
235,6v_R,Ventral_Area_6_R,256_R,R,6v,Fr,Premotor,256,8,32.423866,132.81813799999998,103.072554,2095,Premotor_R
236,p24pr_R,Area_Posterior_24_prime_R,257_R,R,p24pr,Fr,Anterior_Cingulate_and_Medial_Prefrontal,257,19,85.71481999999999,122.43862299999999,112.54341299999999,1336,Anterior_Cingulate_and_Medial_Prefrontal_R
237,33pr_R,Area_33_prime_R,258_R,R,33pr,Fr,Anterior_Cingulate_and_Medial_Prefrontal,258,19,87.197935,136.562823,100.375215,581,Anterior_Cingulate_and_Medial_Prefrontal_R
238,a24pr_R,Anterior_24_prime_R,259_R,R,a24pr,Fr,Anterior_Cingulate_and_Medial_Prefrontal,259,19,85.926439,145.473348,103.30490400000001,938,Anterior_Cingulate_and_Medial_Prefrontal_R
239,p32pr_R,Area_p32_prime_R,260_R,R,p32pr,Fr,Anterior_Cingulate_and_Medial_Prefrontal,260,19,82.475465,140.625212,112.57614199999999,1182,Anterior_Cingulate_and_Medial_Prefrontal_R
240,a24_R,Area_a24_R,261_R,R,a24,Fr,Anterior_Cingulate_and_Medial_Prefrontal,261,19,85.87866899999999,164.20156599999999,70.60078299999999,1533,Anterior_Cingulate_and_Medial_Prefrontal_R
241,d32_R,Area_dorsal_32_R,262_R,R,d32,Fr,Anterior_Cingulate_and_Medial_Prefrontal,262,19,83.510986,164.846197,98.791549,1775,Anterior_Cingulate_and_Medial_Prefrontal_R
242,8BM_R,Area_8BM_R,263_R,R,8BM,Fr,Anterior_Cingulate_and_Medial_Prefrontal,263,19,85.561807,157.006339,117.958003,2524,Anterior_Cingulate_and_Medial_Prefrontal_R
243,p32_R,Area_p32_R,264_R,R,p32,Fr,Anterior_Cingulate_and_Medial_Prefrontal,264,19,82.35939300000001,174.618436,69.042007,857,Anterior_Cingulate_and_Medial_Prefrontal_R
244,10r_R,Area_10r_R,265_R,R,10r,Fr,Anterior_Cingulate_and_Medial_Prefrontal,265,19,85.146262,172.751896,60.15493000000001,923,Anterior_Cingulate_and_Medial_Prefrontal_R
245,47m_R,Area_47m_R,266_R,R,47m,Fr,Orbital_and_Polar_Frontal,266,20,57.754386,157.37151699999998,53.686275,969,Orbital_and_Polar_Frontal_R
246,8Av_R,Area_8Av_R,267_R,R,8Av,Fr,Dorsolateral_Prefrontal,267,22,51.352616,145.949195,120.68561399999999,3976,Dorsolateral_Prefrontal_R
247,8Ad_R,Area_8Ad_R,268_R,R,8Ad,Fr,Dorsolateral_Prefrontal,268,22,67.233301,158.5722,113.623772,2036,Dorsolateral_Prefrontal_R
248,9m_R,Area_9_Middle_R,269_R,R,9m,Fr,Anterior_Cingulate_and_Medial_Prefrontal,269,19,83.868691,181.249145,91.301967,4676,Anterior_Cingulate_and_Medial_Prefrontal_R
249,8BL_R,Area_8B_Lateral_R,270_R,R,8BL,Fr,Dorsolateral_Prefrontal,270,22,78.91626,168.845999,120.17120700000001,3487,Dorsolateral_Prefrontal_R
250,9p_R,Area_9_Posterior_R,271_R,R,9p,Fr,Dorsolateral_Prefrontal,271,22,71.348837,176.911205,105.233263,1419,Dorsolateral_Prefrontal_R
251,10d_R,Area_10d_R,272_R,R,10d,Fr,Orbital_and_Polar_Frontal,272,20,81.086781,193.73021599999998,74.665468,2224,Orbital_and_Polar_Frontal_R
252,8C_R,Area_8C_R,273_R,R,8C,Fr,Dorsolateral_Prefrontal,273,22,50.37308,145.14594,108.576811,2734,Dorsolateral_Prefrontal_R
253,44_R,Area_44_R,274_R,R,44,Fr,Inferior_Frontal,274,21,37.055203000000006,145.30846699999998,85.935472,2681,Inferior_Frontal_R
254,45_R,Area_45_R,275_R,R,45,Fr,Inferior_Frontal,275,21,39.515005,153.265247,72.484511,2066,Inferior_Frontal_R
255,47l_R,Area_47l_(47_lateral)_R,276_R,R,47l,Fr,Inferior_Frontal,276,21,46.146087,158.131594,56.831304,1725,Inferior_Frontal_R
256,a47r_R,Area_anterior_47r_R,277_R,R,a47r,Fr,Inferior_Frontal,277,21,52.62555699999999,178.539747,62.249629000000006,2692,Inferior_Frontal_R
257,6r_R,Rostral_Area_6_R,278_R,R,6r,Fr,Premotor,278,8,39.694803,135.15631100000002,86.72059399999999,2559,Premotor_R
258,IFJa_R,Area_IFJa_R,279_R,R,IFJa,Fr,Inferior_Frontal,279,21,50.829828000000006,143.13384299999998,95.51434,523,Inferior_Frontal_R
259,IFJp_R,Area_IFJp_R,280_R,R,IFJp,Fr,Inferior_Frontal,280,21,54.052896999999994,133.420655,99.677582,397,Inferior_Frontal_R
260,IFSp_R,Area_IFSp_R,281_R,R,IFSp,Fr,Inferior_Frontal,281,21,44.515479,155.734341,89.435565,1389,Inferior_Frontal_R
261,IFSa_R,Area_IFSa_R,282_R,R,IFSa,Fr,Inferior_Frontal,282,21,42.045035999999996,164.740532,73.742068,1954,Inferior_Frontal_R
262,p9-46v_R,Area_posterior_9-46v_R,283_R,R,p9-46v,Fr,Dorsolateral_Prefrontal,283,22,43.648143,159.269405,97.278164,3311,Dorsolateral_Prefrontal_R
263,46_R,Area_46_R,284_R,R,46,Fr,Dorsolateral_Prefrontal,284,22,54.973372999999995,167.290598,102.286325,3042,Dorsolateral_Prefrontal_R
264,a9-46v_R,Area_anterior_9-46v_R,285_R,R,a9-46v,Fr,Dorsolateral_Prefrontal,285,22,50.407407,178.76984099999999,79.984127,1890,Dorsolateral_Prefrontal_R
265,9-46d_R,Area_9-46d_R,286_R,R,9-46d,Fr,Dorsolateral_Prefrontal,286,22,61.307805,176.773458,93.881321,3421,Dorsolateral_Prefrontal_R
266,9a_R,Area_9_anterior_R,287_R,R,9a,Fr,Dorsolateral_Prefrontal,287,22,70.836969,188.89408999999998,90.12177700000001,2521,Dorsolateral_Prefrontal_R
267,10v_R,Area_10v_R,288_R,R,10v,Fr,Anterior_Cingulate_and_Medial_Prefrontal,288,19,87.511155,176.704016,52.646009,2017,Anterior_Cingulate_and_Medial_Prefrontal_R
268,a10p_R,Area_anterior_10p_R,289_R,R,a10p,Fr,Orbital_and_Polar_Frontal,289,20,66.79639,188.73068600000002,61.363177,1385,Orbital_and_Polar_Frontal_R
269,10pp_R,Polar_10p_R,290_R,R,10pp,Fr,Orbital_and_Polar_Frontal,290,20,79.325648,188.469741,53.417291000000006,1735,Orbital_and_Polar_Frontal_R
270,11l_R,Area_11l_R,291_R,R,11l,Fr,Orbital_and_Polar_Frontal,291,20,65.79158699999999,172.746973,54.321224,3138,Orbital_and_Polar_Frontal_R
271,13l_R,Area_13l_R,292_R,R,13l,Fr,Orbital_and_Polar_Frontal,292,20,70.701739,152.64695700000001,50.322609,1150,Orbital_and_Polar_Frontal_R
272,OFC_R,Orbital_Frontal_Complex_R,293_R,R,OFC,Fr,Orbital_and_Polar_Frontal,293,20,83.615202,158.638955,45.933017,2105,Orbital_and_Polar_Frontal_R
273,47s_R,Area_47s_R,294_R,R,47s,Fr,Orbital_and_Polar_Frontal,294,20,60.445039,146.16696399999998,51.135472,1683,Orbital_and_Polar_Frontal_R
274,LIPd_R,Area_Lateral_IntraParietal_dorsal_R,295_R,R,LIPd,Par,Superior_Parietal,295,16,60.154362,70.736018,115.630872,447,Superior_Parietal_R
275,6a_R,Area_6_anterior_R,296_R,R,6a,Fr,Premotor,296,8,64.18311899999999,124.29284399999999,124.65945,2725,Premotor_R
276,i6-8_R,Inferior_6-8_Transitional_Area_R,297_R,R,i6-8,Fr,Dorsolateral_Prefrontal,297,22,58.342046999999994,134.887653,128.925473,1798,Dorsolateral_Prefrontal_R
277,s6-8_R,Superior_6-8_Transitional_Area_R,298_R,R,s6-8,Fr,Dorsolateral_Prefrontal,298,22,70.548089,149.926634,130.08693,1622,Dorsolateral_Prefrontal_R
278,43_R,Area_43_R,299_R,R,43,Fr,Posterior_Opercular,299,9,34.231572,127.22051599999999,81.591523,1628,Posterior_Opercular_R
279,OP4_R,Area_OP4-PV_R,300_R,R,OP4,Par,Posterior_Opercular,300,9,31.065974,115.43372,85.110568,1637,Posterior_Opercular_R
280,OP1_R,Area_OP1-SII_R,301_R,R,OP1,Par,Posterior_Opercular,301,9,45.814285999999996,107.14898000000001,89.419388,980,Posterior_Opercular_R
281,OP2-3_R,Area_OP2-3-VS_R,302_R,R,OP2-3,Par,Posterior_Opercular,302,9,51.053528,111.892944,90.335766,411,Posterior_Opercular_R
282,52_R,Area_52_R,303_R,R,52,Ins,Early_Auditory,303,10,52.031915000000005,105.12766,73.634752,282,Early_Auditory_R
283,RI_R,RetroInsular_Cortex_R,304_R,R,RI,Par,Early_Auditory,304,10,46.939040000000006,94.059663,90.97535699999999,771,Early_Auditory_R
284,PFcm_R,Area_PFcm_R,305_R,R,PFcm,Par,Early_Auditory,305,10,42.446673,98.01093900000001,94.233364,1097,Early_Auditory_R
285,PoI2_R,Posterior_Insular_Area_2_R,306_R,R,PoI2,Ins,Insular_and_Frontal_Opercular,306,12,50.080778,122.82721399999998,71.63067,2315,Insular_and_Frontal_Opercular_R
286,TA2_R,Area_TA2_R,307_R,R,TA2,Temp,Auditory_Association,307,11,39.836312,130.30164399999998,63.77984300000001,1399,Auditory_Association_R
287,FOP4_R,Frontal_Opercular_Area_4_R,308_R,R,FOP4,Fr,Insular_and_Frontal_Opercular,308,12,50.523336,141.361132,77.43764300000001,1307,Insular_and_Frontal_Opercular_R
288,MI_R,Middle_Insular_Area_R,309_R,R,MI,Ins,Insular_and_Frontal_Opercular,309,12,52.77036999999999,135.922222,73.7,1350,Insular_and_Frontal_Opercular_R
289,Pir_R,Pirform_Cortex_R,310_R,R,Pir,Temp,Insular_and_Frontal_Opercular,310,12,57.55508100000001,133.362084,52.703672,1171,Insular_and_Frontal_Opercular_R
290,AVI_R,Anterior_Ventral_Insular_Area_R,311_R,R,AVI,Ins,Insular_and_Frontal_Opercular,311,12,58.445161,150.95914,67.72043000000001,930,Insular_and_Frontal_Opercular_R
291,AAIC_R,Anterior_Agranular_Insula_Complex_R,312_R,R,AAIC,Ins,Insular_and_Frontal_Opercular,312,12,54.936552,141.408966,60.337241000000006,1450,Insular_and_Frontal_Opercular_R
292,FOP1_R,Frontal_Opercular_Area_1_R,313_R,R,FOP1,Fr,Posterior_Opercular,313,9,43.638509,131.004969,75.765217,805,Posterior_Opercular_R
293,FOP3_R,Frontal_Opercular_Area_3_R,314_R,R,FOP3,Ins,Insular_and_Frontal_Opercular,314,12,56.149813,133.580524,83.445693,267,Insular_and_Frontal_Opercular_R
294,FOP2_R,Frontal_Opercular_Area_2_R,315_R,R,FOP2,Ins,Insular_and_Frontal_Opercular,315,12,49.524038,122.612981,86.716346,416,Insular_and_Frontal_Opercular_R
295,PFt_R,Area_PFt_R,316_R,R,PFt,Par,Inferior_Parietal,316,17,36.126205999999996,103.276912,110.400148,1347,Inferior_Parietal_R
296,AIP_R,Anterior_IntraParietal_Area_R,317_R,R,AIP,Par,Superior_Parietal,317,16,53.147096999999995,85.464516,115.539355,1550,Superior_Parietal_R
297,EC_R,Entorhinal_Cortex_R,318_R,R,EC,Temp,Medial_Temporal,318,13,70.108232,115.451982,45.180640000000004,1312,Medial_Temporal_R
298,PreS_R,PreSubiculum_R,319_R,R,PreS,Temp,Medial_Temporal,319,13,70.221751,95.334746,62.004236999999996,708,Medial_Temporal_R
299,H_R,Hippocampus_R,320_R,R,H,Temp,Medial_Temporal,320,13,60.712375,103.927258,54.33194,1196,Medial_Temporal_R
300,ProS_R,ProStriate_Area_R,321_R,R,ProS,Par,Posterior_Cingulate,321,18,70.101423,77.854093,73.617438,562,Posterior_Cingulate_R
301,PeEc_R,Perirhinal_Ectorhinal_Cortex_R,322_R,R,PeEc,Temp,Medial_Temporal,322,13,63.003326,117.21583000000001,36.977053999999995,3007,Medial_Temporal_R
302,STGa_R,Area_STGa_R,323_R,R,STGa,Temp,Auditory_Association,323,11,41.594035,142.606208,49.973828000000005,1643,Auditory_Association_R
303,PBelt_R,ParaBelt_Complex_R,324_R,R,PBelt,Temp,Early_Auditory,324,10,33.096591,107.57548700000001,79.56899399999999,1232,Early_Auditory_R
304,A5_R,Auditory_5_Complex_R,325_R,R,A5,Temp,Auditory_Association,325,11,29.134363,113.09506200000001,68.029224,2977,Auditory_Association_R
305,PHA1_R,ParaHippocampal_Area_1_R,326_R,R,PHA1,Temp,Medial_Temporal,326,13,70.162458,92.5,55.005892,1188,Medial_Temporal_R
306,PHA3_R,ParaHippocampal_Area_3_R,327_R,R,PHA3,Temp,Medial_Temporal,327,13,56.793319,89.695198,55.185804000000005,479,Medial_Temporal_R
307,STSda_R,Area_STSd_anterior_R,328_R,R,STSda,Temp,Auditory_Association,328,11,38.705061,125.18091899999999,55.141360999999996,1719,Auditory_Association_R
308,STSdp_R,Area_STSd_posterior_R,329_R,R,STSdp,Temp,Auditory_Association,329,11,41.526702,98.094126,69.69025400000001,1498,Auditory_Association_R
309,STSvp_R,Area_STSv_posterior_R,330_R,R,STSvp,Temp,Auditory_Association,330,11,30.954659999999997,98.034257,65.971788,1985,Auditory_Association_R
310,TGd_R,Area_TG_dorsal_R,331_R,R,TGd,Temp,Lateral_Temporal,331,14,55.26439499999999,140.07194099999998,34.559763000000004,7103,Lateral_Temporal_R
311,TE1a_R,Area_TE1_anterior_R,332_R,R,TE1a,Temp,Lateral_Temporal,332,14,32.156938000000004,125.71311200000001,43.546788,3409,Lateral_Temporal_R
312,TE1p_R,Area_TE1_posterior_R,333_R,R,TE1p,Temp,Lateral_Temporal,333,14,27.790845,84.652057,59.44899,4107,Lateral_Temporal_R
313,TE2a_R,Area_TE2_anterior_R,334_R,R,TE2a,Temp,Lateral_Temporal,334,14,35.763051000000004,107.785779,39.880513,4444,Lateral_Temporal_R
314,TF_R,Area_TF_R,335_R,R,TF,Temp,Medial_Temporal,335,13,49.626318,105.57033799999999,41.435842,2751,Medial_Temporal_R
315,TE2p_R,Area_TE2_posterior_R,336_R,R,TE2p,Temp,Lateral_Temporal,336,14,41.843798,89.348137,49.277693,1959,Lateral_Temporal_R
316,PHT_R,Area_PHT_R,337_R,R,PHT,Temp,Lateral_Temporal,337,14,30.004594,73.093109,65.673201,3265,Lateral_Temporal_R
317,PH_R,Area_PH_R,338_R,R,PH,Temp,MT+_Complex_and_Neighboring_Visual_Areas,338,5,41.367731,64.734587,61.13861,2287,MT+_Complex_and_Neighboring_Visual_Areas_R
318,TPOJ1_R,Area_TemporoParietoOccipital_Junction_1_R,339_R,R,TPOJ1,Temp,Temporo-Parieto-Occipital_Junction,339,15,36.339797999999995,82.305051,82.842828,2475,Temporo-Parieto-Occipital_Junction_R
319,TPOJ2_R,Area_TemporoParietoOccipital_Junction_2_R,340_R,R,TPOJ2,Par,Temporo-Parieto-Occipital_Junction,340,15,34.431659,69.409508,81.67477,1851,Temporo-Parieto-Occipital_Junction_R
320,TPOJ3_R,Area_TemporoParietoOccipital_Junction_3_R,341_R,R,TPOJ3,Par,Temporo-Parieto-Occipital_Junction,341,15,44.569097,65.107726,91.621328,919,Temporo-Parieto-Occipital_Junction_R
321,DVT_R,Dorsal_Transitional_Visual_Area_R,342_R,R,DVT,Par,Posterior_Cingulate,342,18,71.658746,57.291089,104.820462,1515,Posterior_Cingulate_R
322,PGp_R,Area_PGp_R,343_R,R,PGp,Par,Inferior_Parietal,343,17,45.491584,48.937135,98.33665400000001,2911,Inferior_Parietal_R
323,IP2_R,Area_IntraParietal_2_R,344_R,R,IP2,Par,Inferior_Parietal,344,17,49.719313,79.054936,117.18626599999999,1165,Inferior_Parietal_R
324,IP1_R,Area_IntraParietal_1_R,345_R,R,IP1,Par,Inferior_Parietal,345,17,56.104690000000005,57.245394,114.665829,1194,Inferior_Parietal_R
325,IP0_R,Area_IntraParietal_0_R,346_R,R,IP0,Par,Inferior_Parietal,346,17,56.220528,48.778455,98.620935,984,Inferior_Parietal_R
326,PFop_R,Area_PF_Opercular_R,347_R,R,PFop,Par,Inferior_Parietal,347,17,28.000702,105.724719,95.294944,1424,Inferior_Parietal_R
327,PF_R,Area_PF_Complex_R,348_R,R,PF,Par,Inferior_Parietal,348,17,29.656612,96.343693,111.425046,3282,Inferior_Parietal_R
328,PFm_R,Area_PFm_Complex_R,349_R,R,PFm,Par,Inferior_Parietal,349,17,38.024068,76.292314,117.520769,5152,Inferior_Parietal_R
329,PGi_R,Area_PGi_R,350_R,R,PGi,Par,Inferior_Parietal,350,17,37.886767,66.21809,101.86532700000001,2985,Inferior_Parietal_R
330,PGs_R,Area_PGs_R,351_R,R,PGs,Par,Inferior_Parietal,351,17,45.735541999999995,57.616193,114.44532099999999,1902,Inferior_Parietal_R
331,V6A_R,Area_V6A_R,352_R,R,V6A,Par,Dorsal_Stream_Visual,352,3,66.971053,43.206579,117.96184199999999,760,Dorsal_Stream_Visual_R
332,VMV1_R,VentroMedial_Visual_Area_1_R,353_R,R,VMV1,Occ,Ventral_Stream_Visual,353,4,71.942782,73.198944,63.584506999999995,1136,Ventral_Stream_Visual_R
333,VMV3_R,VentroMedial_Visual_Area_3_R,354_R,R,VMV3,Occ,Ventral_Stream_Visual,354,4,62.83642,64.92284000000001,61.89660500000001,648,Ventral_Stream_Visual_R
334,PHA2_R,ParaHippocampal_Area_2_R,355_R,R,PHA2,Temp,Medial_Temporal,355,13,60.398230000000005,91.64896800000001,57.716814,339,Medial_Temporal_R
335,V4t_R,Area_V4t_R,356_R,R,V4t,Occ,MT+_Complex_and_Neighboring_Visual_Areas,356,5,41.209816,53.52638,69.72024499999999,815,MT+_Complex_and_Neighboring_Visual_Areas_R
336,FST_R,Area_FST_R,357_R,R,FST,Occ,MT+_Complex_and_Neighboring_Visual_Areas,357,5,38.912490000000005,62.96260899999999,72.511535,1257,MT+_Complex_and_Neighboring_Visual_Areas_R
337,V3CD_R,Area_V3CD_R,358_R,R,V3CD,Occ,MT+_Complex_and_Neighboring_Visual_Areas,358,5,51.141138,43.050328,83.778993,914,MT+_Complex_and_Neighboring_Visual_Areas_R
338,LO3_R,Area_Lateral_Occipital_3_R,359_R,R,LO3,Par,MT+_Complex_and_Neighboring_Visual_Areas,359,5,41.930187,53.481809,85.433628,1017,MT+_Complex_and_Neighboring_Visual_Areas_R
339,VMV2_R,VentroMedial_Visual_Area_2_R,360_R,R,VMV2,Occ,Ventral_Stream_Visual,360,4,62.482,72.616,65.532,500,Ventral_Stream_Visual_R
340,31pd_R,Area_31pd_R,361_R,R,31pd,Par,Posterior_Cingulate,361,18,77.37785,74.68729599999999,107.33876200000002,307,Posterior_Cingulate_R
341,31a_R,Area_31a_R,362_R,R,31a,Par,Posterior_Cingulate,362,18,83.9,85.80909100000001,114.561039,770,Posterior_Cingulate_R
342,VVC_R,Ventral_Visual_Complex_R,363_R,R,VVC,Temp,Ventral_Stream_Visual,363,4,61.276977,79.81999,52.749876,2011,Ventral_Stream_Visual_R
343,25_R,Area_25_R,364_R,R,25,Fr,Anterior_Cingulate_and_Medial_Prefrontal,364,19,87.037037,143.861454,58.69821700000001,729,Anterior_Cingulate_and_Medial_Prefrontal_R
344,s32_R,Area_s32_R,365_R,R,s32,Fr,Anterior_Cingulate_and_Medial_Prefrontal,365,19,86.948307,156.390374,55.54902,561,Anterior_Cingulate_and_Medial_Prefrontal_R
345,pOFC_R,posterior_OFC_Complex_R,366_R,R,pOFC,Fr,Anterior_Cingulate_and_Medial_Prefrontal,366,19,77.656757,138.762838,52.856756999999995,1480,Anterior_Cingulate_and_Medial_Prefrontal_R
346,PoI1_R,Area_Posterior_Insular_1_R,367_R,R,PoI1,Ins,Insular_and_Frontal_Opercular,367,12,52.456419999999994,115.34114299999999,68.178069,1067,Insular_and_Frontal_Opercular_R
347,Ig_R,Insular_Granular_Complex_R,368_R,R,Ig,Ins,Insular_and_Frontal_Opercular,368,12,54.984127,112.0839,86.48299300000001,441,Insular_and_Frontal_Opercular_R
348,FOP5_R,Area_Frontal_Opercular_5_R,369_R,R,FOP5,Ins,Insular_and_Frontal_Opercular,369,12,53.738178000000005,153.878893,75.18915799999999,867,Insular_and_Frontal_Opercular_R
349,p10p_R,Area_posterior_10p_R,370_R,R,p10p,Fr,Orbital_and_Polar_Frontal,370,20,66.87945400000001,187.415677,72.800475,1684,Orbital_and_Polar_Frontal_R
350,p47r_R,Area_posterior_47r_R,371_R,R,p47r,Fr,Inferior_Frontal,371,21,44.467343,172.38173700000002,65.50919499999999,1577,Inferior_Frontal_R
351,TGv_R,Area_TG_Ventral_R,372_R,R,TGv,Temp,Lateral_Temporal,372,14,56.653744999999994,123.570388,25.638589,3431,Lateral_Temporal_R
352,MBelt_R,Medial_Belt_Complex_R,373_R,R,MBelt,Temp,Early_Auditory,373,10,43.806818,111.76278400000001,74.931818,704,Early_Auditory_R
353,LBelt_R,Lateral_Belt_Complex_R,374_R,R,LBelt,Temp,Early_Auditory,374,10,41.808564000000004,101.870277,81.278338,794,Early_Auditory_R
354,A4_R,Auditory_4_Complex_R,375_R,R,A4,Temp,Auditory_Association,375,11,25.519804,111.76766,76.545529,2449,Auditory_Association_R
355,STSva_R,Area_STSv_anterior_R,376_R,R,STSva,Temp,Auditory_Association,376,11,32.924419,117.52790700000001,54.337791,1720,Auditory_Association_R
356,TE1m_R,Area_TE1_Middle_R,377_R,R,TE1m,Temp,Lateral_Temporal,377,14,26.146604999999997,102.236497,53.246528000000005,2592,Lateral_Temporal_R
357,PI_R,Para-Insular_Area_R,378_R,R,PI,Temp,Insular_and_Frontal_Opercular,378,12,47.013363,123.157016,57.926503000000004,898,Insular_and_Frontal_Opercular_R
358,a32pr_R,Area_anterior_32_prime_R,379_R,R,a32pr,Fr,Anterior_Cingulate_and_Medial_Prefrontal,379,19,81.723096,153.990326,102.516324,827,Anterior_Cingulate_and_Medial_Prefrontal_R
359,p24_R,Area_posterior_24_R,380_R,R,p24,Fr,Anterior_Cingulate_and_Medial_Prefrontal,380,19,86.096222,161.202423,88.541696,1403,Anterior_Cingulate_and_Medial_Prefrontal_R
